t,x,y,z,speed_mps,speed_kmh,steer,throttle,lap,mode,cam
0.035121,2.998730,-1.008663,-0.000879,0.016859,0.060691,0.113438,0.560818,0,trail,1
0.370829,3.007507,-1.010769,-0.000948,0.061057,0.219807,0.019568,0.577958,0,trail,1
0.403557,3.011146,-1.011195,-0.000929,0.093077,0.335076,0.094167,0.572673,0,trail,1
0.436534,3.014660,-1.011710,-0.000806,0.104867,0.377521,0.002883,0.570358,0,trail,1
0.469781,3.018537,-1.012102,-0.000768,0.113060,0.407015,-0.027910,0.583804,0,trail,1
0.502287,3.018361,-1.012101,-0.000831,0.046720,0.168192,-0.038298,0.568441,0,trail,1
0.535053,3.019507,-1.012107,-0.000946,0.019026,0.068492,-0.020534,0.543393,0,trail,1
0.568359,3.020278,-1.012131,-0.001060,0.015043,0.054156,-0.034502,0.548277,0,trail,1
0.601187,3.021709,-1.012090,-0.000865,0.036333,0.130799,-0.053464,0.537585,0,trail,1
0.634284,3.022578,-1.012172,-0.000849,0.030832,0.110994,-0.061152,0.542689,0,trail,1
0.667549,3.023467,-1.012118,-0.000858,0.049313,0.177527,-0.057673,0.545442,0,trail,1
0.700735,3.025170,-1.012354,-0.000871,0.039914,0.143690,-0.044455,0.537278,0,trail,1
0.733380,3.027482,-1.012458,-0.000810,0.062681,0.225653,-0.001032,0.553354,0,trail,1
0.766552,3.028701,-1.012283,-0.001029,0.071329,0.256785,-0.037271,0.544926,0,trail,1
0.799161,3.030066,-1.012156,-0.001092,0.050875,0.183151,-0.074035,0.531665,0,trail,1
0.832104,3.030686,-1.012219,-0.001065,0.024617,0.088619,-0.038083,0.531554,0,trail,1
0.865774,3.031111,-1.012159,-0.001019,0.004203,0.015131,-0.112367,0.527807,0,trail,1
0.898717,3.031968,-1.012243,-0.001030,0.020263,0.072946,-0.127857,0.524097,0,trail,1
0.931633,3.033727,-1.012336,-0.001031,0.054294,0.195459,-0.013573,0.539147,0,trail,1
0.964236,3.034168,-1.012473,-0.001050,0.034331,0.123592,-0.067689,0.532656,0,trail,1
0.997215,3.033972,-1.012473,-0.001004,0.003403,0.012251,-0.057466,0.525862,0,trail,1
1.031661,3.034613,-1.012448,-0.000962,0.001593,0.005737,-0.057942,0.526501,0,trail,1
1.064563,3.035585,-1.012415,-0.000963,0.021514,0.077450,-0.027635,0.533567,0,trail,1
1.097674,3.035062,-1.012439,-0.000967,0.014800,0.053279,-0.048530,0.534228,0,trail,1
1.130972,3.035262,-1.012434,-0.000921,0.007037,0.025333,-0.061117,0.525312,0,trail,1
1.163756,3.035340,-1.012438,-0.000898,0.005927,0.021338,-0.027889,0.534640,0,trail,1
1.196399,3.035076,-1.012453,-0.000913,0.016365,0.058913,-0.047027,0.532045,0,trail,1
1.229787,3.035171,-1.012443,-0.000919,0.007072,0.025458,-0.049294,0.528886,0,trail,1
1.262578,3.034986,-1.012437,-0.000909,0.007686,0.027668,-0.020224,0.536503,0,trail,1
1.295471,3.034804,-1.012437,-0.000917,0.014441,0.051989,0.005046,0.538308,0,trail,1
1.328297,3.034992,-1.012420,-0.000945,0.012904,0.046454,-0.029249,0.534500,0,trail,1
1.361648,3.034636,-1.012420,-0.000925,0.011903,0.042850,0.004145,0.549123,0,trail,1
1.394590,3.034677,-1.012411,-0.000911,0.011970,0.043091,-0.026507,0.536911,0,trail,1
1.427090,3.034605,-1.012402,-0.000945,0.013546,0.048764,-0.012962,0.542074,0,trail,1
1.460683,3.034928,-1.012376,-0.000907,0.008585,0.030908,-0.018429,0.540160,0,trail,1
1.493842,3.034905,-1.012371,-0.000905,0.009058,0.032610,-0.044163,0.532630,0,trail,1
1.527021,3.035506,-1.012336,-0.000917,0.023180,0.083449,-0.000518,0.547549,0,trail,1
1.560771,3.035427,-1.012331,-0.000928,0.005465,0.019675,-0.010030,0.543281,0,trail,1
1.594044,3.035811,-1.012310,-0.000925,0.002207,0.007946,-0.008649,0.544972,0,trail,1
1.627316,3.036814,-1.012263,-0.000981,0.029740,0.107064,-0.001359,0.558023,0,trail,1
1.660653,3.036517,-1.012260,-0.000930,0.003493,0.012576,-0.004150,0.548030,0,trail,1
1.693779,3.036068,-1.012270,-0.000894,0.014990,0.053964,-0.031314,0.536311,0,trail,1
1.726823,3.036040,-1.012265,-0.000921,0.002567,0.009243,-0.024347,0.538644,0,trail,1
1.759917,3.036108,-1.012255,-0.000908,0.002715,0.009775,-0.014156,0.544052,0,trail,1
1.792382,3.036534,-1.012238,-0.000940,0.010746,0.038684,-0.012886,0.545369,0,trail,1
1.825263,3.036268,-1.012241,-0.000904,0.002433,0.008760,-0.008679,0.547188,0,trail,1
1.858603,3.035972,-1.012244,-0.000954,0.000975,0.003512,-0.030735,0.533850,0,trail,1
1.891104,3.035352,-1.012253,-0.000913,0.009356,0.033681,-0.017511,0.539392,0,trail,1
1.924225,3.035299,-1.012254,-0.000928,0.006688,0.024078,-0.018655,0.538440,0,trail,1
1.957273,3.035269,-1.012255,-0.000960,0.004376,0.015755,-0.011198,0.541936,0,trail,1
1.990118,3.035283,-1.012254,-0.000911,0.000725,0.002611,-0.006884,0.542948,0,trail,1
2.024491,3.035278,-1.012254,-0.000955,0.000688,0.002475,-0.007242,0.543169,0,trail,1
2.057306,3.035268,-1.012254,-0.000942,0.000668,0.002404,-0.008560,0.542684,0,trail,1
2.090308,3.035259,-1.012254,-0.000913,0.000644,0.002319,-0.008462,0.542992,0,trail,1
2.123565,3.035254,-1.012254,-0.000974,0.001900,0.006842,-0.009775,0.543261,0,trail,1
2.156738,3.035249,-1.012254,-0.000944,0.000486,0.001751,-0.009701,0.542492,0,trail,1
2.189245,3.035248,-1.012254,-0.000894,0.006051,0.021782,-0.009740,0.543959,0,trail,1
2.222897,3.035247,-1.012254,-0.000852,0.001536,0.005531,-0.009492,0.541512,0,trail,1
2.255484,3.035246,-1.012255,-0.000913,0.001326,0.004774,-0.009101,0.543355,0,trail,1
2.288671,3.035629,-1.021688,-0.000553,0.262834,0.946202,-0.042664,0.699276,0,trail,1
2.321781,3.035772,-1.025825,-0.002397,0.255158,0.918569,0.029720,0.779210,0,trail,1
2.354909,3.036294,-1.039303,-0.002462,0.327142,1.177712,0.029134,0.752349,0,trail,1
2.387258,3.036698,-1.048499,-0.002100,0.329652,1.186749,0.066973,0.749198,0,trail,1
2.420720,3.037454,-1.063381,-0.002133,0.429899,1.547638,0.069293,0.787247,0,trail,1
2.453553,3.037981,-1.077362,-0.002049,0.467151,1.681743,-0.021675,0.758313,0,trail,1
2.486557,3.038616,-1.090592,-0.001701,0.437833,1.576199,-0.013767,0.740285,0,trail,1
2.519363,3.038491,-1.106758,-0.001320,0.499906,1.799661,-0.025874,0.724799,0,trail,1
2.552687,3.038661,-1.121421,-0.001333,0.460094,1.656340,-0.065485,0.684980,0,trail,1
2.585547,3.039017,-1.138282,-0.001083,0.523217,1.883580,-0.086526,0.703695,0,trail,1
2.618993,3.039726,-1.157397,-0.001284,0.598904,2.156056,-0.064416,0.755335,0,trail,1
2.651336,3.040303,-1.176641,-0.001580,0.593170,2.135413,-0.054774,0.730830,0,trail,1
2.684030,3.040818,-1.198351,-0.001299,0.614110,2.210796,-0.049711,0.743857,0,trail,1
2.717203,3.041543,-1.219190,-0.001330,0.654985,2.357945,-0.067245,0.763434,0,trail,1
2.750213,3.042219,-1.240648,-0.001537,0.692517,2.493061,-0.046388,0.729560,0,trail,1
2.783482,3.042180,-1.264870,-0.001423,0.721151,2.596145,-0.075038,0.745676,0,trail,1
2.816388,3.043113,-1.291197,-0.001639,0.757346,2.726445,-0.040947,0.762404,0,trail,1
2.849608,3.043187,-1.318047,-0.001539,0.794418,2.859905,-0.038792,0.781685,0,trail,1
2.882493,3.042855,-1.343916,-0.001636,0.845951,3.045423,0.012581,0.793666,0,trail,1
2.915645,3.043796,-1.370949,-0.001652,0.862527,3.105097,-0.004029,0.766755,0,trail,1
2.948713,3.043717,-1.400481,-0.001602,0.917814,3.304132,-0.011386,0.808321,0,trail,1
2.981840,3.044051,-1.435074,-0.001665,0.954731,3.437031,-0.024906,0.788546,0,trail,1
3.015336,3.044326,-1.464033,-0.001573,1.002497,3.608989,0.003717,0.826647,0,trail,1
3.049011,3.044580,-1.497071,-0.002006,1.036722,3.732200,-0.008049,0.804922,0,trail,1
3.081321,3.045270,-1.533022,-0.001655,1.080821,3.890957,-0.045769,0.849508,0,trail,1
3.114492,3.046147,-1.570043,-0.001997,1.127964,4.060672,-0.038086,0.829779,0,trail,1
3.147394,3.046139,-1.612908,-0.001870,1.218237,4.385654,-0.063603,0.876876,0,trail,1
3.180243,3.046318,-1.650628,-0.002165,1.229686,4.426868,-0.045740,0.881934,0,trail,1
3.213997,3.046094,-1.689856,-0.001925,1.300643,4.682316,0.000937,0.905659,0,trail,1
3.246610,3.046721,-1.735783,-0.002373,1.342305,4.832297,-0.031884,0.915099,0,trail,1
3.279587,3.046677,-1.779825,-0.001996,1.408796,5.071666,-0.032595,0.915313,0,trail,1
3.312723,3.046566,-1.826708,-0.002451,1.447762,5.211942,-0.069244,0.930816,0,trail,1
3.345623,3.046348,-1.876487,-0.002074,1.511530,5.441507,-0.064563,0.914826,0,trail,1
3.378207,3.047157,-1.926245,-0.002460,1.600022,5.760080,-0.032687,0.939358,0,trail,1
3.411614,3.045838,-1.976825,-0.002496,1.611141,5.800107,-0.072813,0.921300,0,trail,1
3.444741,3.046140,-2.041022,-0.002275,1.720882,6.195176,-0.085388,0.919062,0,trail,1
3.477537,3.045255,-2.093006,-0.002366,1.720141,6.192509,-0.080532,0.914054,0,trail,1
3.510363,3.044549,-2.156317,-0.002176,1.841002,6.627609,-0.094780,0.934150,0,trail,1
3.543368,3.042669,-2.213185,-0.002640,1.822200,6.559920,-0.079762,0.920139,0,trail,1
3.577052,3.040406,-2.280388,-0.002182,1.900085,6.840306,-0.084236,0.889458,0,trail,1
3.611052,3.038427,-2.341572,-0.002033,1.949943,7.019794,-0.124948,0.931441,0,trail,1
3.644861,3.035381,-2.413022,-0.002156,1.969804,7.091294,-0.060706,0.888746,0,trail,1
3.676322,3.033140,-2.467347,-0.002060,2.053154,7.391355,-0.076152,0.895584,0,trail,1
3.709878,3.029289,-2.545439,-0.002333,2.061965,7.423074,-0.084392,0.862686,0,trail,1
3.742786,3.025694,-2.614054,-0.001971,2.118324,7.625968,-0.075369,0.849164,0,trail,1
3.775584,3.022966,-2.673315,-0.001976,2.148925,7.736131,-0.064441,0.906854,0,trail,1
3.808777,3.019182,-2.745525,-0.001939,2.159231,7.773233,-0.063823,0.886826,0,trail,1
3.841868,3.014342,-2.829523,-0.002019,2.260402,8.137448,-0.075300,0.944030,0,trail,1
3.874975,3.010145,-2.895213,-0.002215,2.241958,8.071049,-0.122827,0.886459,0,trail,1
3.907997,3.004787,-2.977961,-0.001899,2.300837,8.283014,-0.122214,0.888810,0,trail,1
3.940183,2.999037,-3.051214,-0.001760,2.315111,8.334398,-0.111008,0.870014,0,trail,1
3.973259,2.993678,-3.125271,-0.001967,2.365883,8.517180,-0.128214,0.906828,0,trail,1
4.006562,2.986206,-3.197673,-0.002106,2.366541,8.519546,-0.128700,0.857857,0,trail,1
4.039475,2.977917,-3.281986,-0.002050,2.415466,8.695677,-0.156825,0.888987,0,trail,1
4.072180,2.968997,-3.358525,-0.001814,2.449462,8.818062,-0.184411,0.856815,0,trail,1
4.105269,2.958671,-3.446247,-0.001713,2.476385,8.914985,-0.154573,0.871520,0,trail,1
4.138860,2.950337,-3.516462,-0.001718,2.500439,9.001581,-0.183192,0.776708,0,trail,1
4.171270,2.937499,-3.609736,-0.001654,2.597112,9.349602,-0.247150,0.818211,0,trail,1
4.204277,2.926086,-3.685677,-0.002082,2.523550,9.084780,-0.277221,0.824107,0,trail,1
4.238063,2.911229,-3.765707,-0.001347,2.471722,8.898199,-0.293621,0.717569,0,trail,1
4.271567,2.894086,-3.849657,-0.001416,2.545510,9.163836,-0.337407,0.724723,0,trail,1
4.304667,2.874137,-3.938657,-0.001392,2.536840,9.132625,-0.317169,0.690077,0,trail,1
4.337930,2.855556,-4.013772,-0.001218,2.549431,9.177952,-0.347548,0.635808,0,trail,1
4.370480,2.833448,-4.096568,-0.001021,2.492128,8.971660,-0.443574,0.532899,0,trail,1
4.403849,2.811594,-4.170651,-0.000762,2.441099,8.787955,-0.480087,0.423765,0,trail,1
4.436560,2.787077,-4.241491,-0.000257,2.424634,8.728682,-0.497716,0.355007,0,trail,1
4.469094,2.757310,-4.324150,-0.000268,2.310554,8.317996,-0.476774,0.320012,0,trail,1
4.502643,2.732125,-4.382812,0.000506,2.192620,7.893431,-0.472008,0.268808,0,trail,1
4.535787,2.697754,-4.452501,0.001157,2.077788,7.480037,-0.484725,0.287285,0,trail,1
4.568790,2.666123,-4.510147,0.001328,2.002323,7.208361,-0.477012,0.298241,0,trail,1
4.601780,2.633313,-4.565300,0.001237,1.923752,6.925506,-0.480805,0.280059,0,trail,1
4.634875,2.599180,-4.616370,0.001335,1.839102,6.620766,-0.497302,0.287124,0,trail,1
4.667664,2.568847,-4.658427,0.001140,1.795868,6.465125,-0.493543,0.256659,0,trail,1
4.700168,2.528781,-4.709377,0.001251,1.695170,6.102612,-0.525533,0.277971,0,trail,1
4.733470,2.494500,-4.748919,0.001158,1.629083,5.864698,-0.546845,0.315806,0,trail,1
4.766758,2.461810,-4.783346,0.001195,1.567154,5.641755,-0.544878,0.313053,0,trail,1
4.799893,2.419341,-4.824637,0.000800,1.531484,5.513342,-0.527846,0.307154,0,trail,1
4.832701,2.382499,-4.856776,0.000841,1.455546,5.239967,-0.580229,0.328864,0,trail,1
4.865307,2.352742,-4.881251,0.000693,1.429650,5.146740,-0.562776,0.320769,0,trail,1
4.898648,2.310171,-4.912887,0.000708,1.373272,4.943778,-0.585415,0.343999,0,trail,1
4.931301,2.273205,-4.938461,0.000424,1.347434,4.850764,-0.596272,0.367216,0,trail,1
4.964677,2.238364,-4.960559,0.000365,1.310135,4.716486,-0.621362,0.341918,0,trail,1
4.997157,2.201733,-4.981425,0.000356,1.285347,4.627249,-0.609429,0.412066,0,trail,1
5.031536,2.162778,-5.001894,0.000220,1.236015,4.449653,-0.579916,0.385201,0,trail,1
5.064458,2.123659,-5.020635,-0.000014,1.220766,4.394757,-0.589368,0.466375,0,trail,1
5.097253,2.090009,-5.035390,-0.000095,1.208947,4.352209,-0.516853,0.495626,0,trail,1
5.130587,2.048453,-5.051405,-0.000058,1.181232,4.252436,-0.468111,0.517346,0,trail,1
5.163439,2.013818,-5.063821,-0.000288,1.202719,4.329787,-0.349112,0.590455,0,trail,1
5.196152,1.977992,-5.075838,-0.000449,1.199617,4.318619,-0.316944,0.648706,0,trail,1
5.230002,1.933710,-5.089522,-0.000674,1.221230,4.396429,-0.344103,0.643828,0,trail,1
5.262794,1.897151,-5.100529,-0.000873,1.256882,4.524776,-0.389036,0.650916,0,trail,1
5.295592,1.855998,-5.111494,-0.001066,1.264272,4.551378,-0.419223,0.649176,0,trail,1
5.328400,1.817671,-5.121269,-0.001074,1.273630,4.585068,-0.425424,0.654085,0,trail,1
5.361253,1.775173,-5.130978,-0.001313,1.283254,4.619713,-0.438569,0.632755,0,trail,1
5.394247,1.733961,-5.138981,-0.001304,1.298634,4.675082,-0.431207,0.673678,0,trail,1
5.427301,1.693981,-5.146553,-0.001323,1.329452,4.786029,-0.419170,0.676585,0,trail,1
5.460423,1.650752,-5.153049,-0.001362,1.337995,4.816783,-0.422078,0.682035,0,trail,1
5.493786,1.601577,-5.159834,-0.001377,1.369370,4.929734,-0.433939,0.691055,0,trail,1
5.526622,1.562721,-5.165062,-0.001372,1.399135,5.036886,-0.472027,0.680806,0,trail,1
5.559795,1.510946,-5.169526,-0.001253,1.385454,4.987635,-0.471541,0.674385,0,trail,1
5.592157,1.464857,-5.173190,-0.001323,1.415062,5.094224,-0.487460,0.670713,0,trail,1
5.625477,1.416609,-5.174744,-0.001325,1.432000,5.155200,-0.471346,0.657044,0,trail,1
5.658729,1.372894,-5.175626,-0.001337,1.437143,5.173716,-0.477665,0.676254,0,trail,1
5.691970,1.319457,-5.175551,-0.001341,1.448733,5.215438,-0.485484,0.668858,0,trail,1
5.724385,1.277516,-5.174619,-0.001275,1.473706,5.305343,-0.478409,0.691372,0,trail,1
5.757646,1.228831,-5.171539,-0.001268,1.466476,5.279313,-0.421775,0.697601,0,trail,1
5.790781,1.180333,-5.167788,-0.001190,1.482101,5.335565,-0.423178,0.678011,0,trail,1
5.823591,1.128624,-5.162650,-0.001286,1.502234,5.408043,-0.478809,0.671971,0,trail,1
5.856984,1.079304,-5.156741,-0.001374,1.508571,5.430857,-0.498428,0.671626,0,trail,1
5.889662,1.028699,-5.149637,-0.001291,1.561298,5.620674,-0.514714,0.676427,0,trail,1
5.922776,0.976089,-5.140403,-0.001454,1.532690,5.517682,-0.542937,0.651122,0,trail,1
5.955652,0.928325,-5.130789,-0.001233,1.550115,5.580414,-0.531320,0.671522,0,trail,1
5.988698,0.876560,-5.118607,-0.001091,1.569104,5.648774,-0.511662,0.669693,0,trail,1
6.022436,0.827663,-5.106034,-0.001260,1.574527,5.668296,-0.581714,0.620844,0,trail,1
6.055728,0.778545,-5.091326,-0.001066,1.545793,5.564856,-0.569354,0.597299,0,trail,1
6.088312,0.731773,-5.076156,-0.001125,1.557840,5.608225,-0.584416,0.603179,0,trail,1
6.121307,0.685789,-5.059062,-0.000737,1.546504,5.567413,-0.599896,0.579298,0,trail,1
6.154995,0.637548,-5.040933,-0.001102,1.562585,5.625305,-0.590103,0.583078,0,trail,1
6.187893,0.583743,-5.016433,-0.000757,1.533266,5.519759,-0.540543,0.597978,0,trail,1
6.220449,0.543225,-4.996950,-0.000747,1.524926,5.489733,-0.509185,0.606413,0,trail,1
6.253678,0.500217,-4.974658,-0.000846,1.551897,5.586829,-0.570966,0.519367,0,trail,1
6.286590,0.458396,-4.951267,-0.000749,1.562628,5.625461,-0.542529,0.533150,0,trail,1
6.319410,0.410854,-4.923235,-0.000841,1.512661,5.445580,-0.574101,0.525559,0,trail,1
6.352512,0.370677,-4.896949,-0.000653,1.499191,5.397087,-0.555560,0.523067,0,trail,1
6.385419,0.329053,-4.867606,-0.000650,1.510071,5.436255,-0.606234,0.458419,0,trail,1
6.418729,0.287171,-4.836124,-0.000490,1.463192,5.267491,-0.591903,0.482539,0,trail,1
6.451671,0.252543,-4.808137,-0.000397,1.424185,5.127066,-0.556182,0.494975,0,trail,1
6.484271,0.217710,-4.777337,-0.000295,1.438785,5.179626,-0.532930,0.528165,0,trail,1
6.517691,0.184229,-4.746165,-0.000340,1.396251,5.026502,-0.540514,0.533783,0,trail,1
6.550338,0.148217,-4.710250,-0.000493,1.408902,5.072048,-0.536637,0.558162,0,trail,1
6.583994,0.117032,-4.676591,-0.000475,1.405653,5.060350,-0.559129,0.550276,0,trail,1
6.617086,0.090597,-4.647280,-0.000674,1.396131,5.026070,-0.537950,0.599391,0,trail,1
6.650690,0.059574,-4.609529,-0.000585,1.401179,5.044244,-0.510412,0.603005,0,trail,1
6.682369,0.030626,-4.573122,-0.000828,1.414461,5.092060,-0.488438,0.654686,0,trail,1
6.716088,0.002077,-4.534464,-0.000827,1.406145,5.062123,-0.482690,0.658034,0,trail,1
6.750017,-0.027897,-4.491199,-0.000863,1.424353,5.127672,-0.492368,0.623846,0,trail,1
6.782588,-0.051123,-4.456262,-0.001030,1.423879,5.125965,-0.492759,0.652718,0,trail,1
6.815255,-0.077199,-4.414237,-0.001064,1.456131,5.242070,-0.517768,0.656560,0,trail,1
6.848621,-0.103299,-4.370228,-0.001160,1.447978,5.212722,-0.562374,0.605283,0,trail,1
6.881454,-0.122631,-4.335197,-0.001099,1.437465,5.174875,-0.547444,0.608579,0,trail,1
6.915098,-0.144976,-4.291927,-0.000995,1.427943,5.140593,-0.537983,0.610318,0,trail,1
6.948276,-0.166655,-4.248552,-0.000908,1.500960,5.403457,-0.558953,0.596293,0,trail,1
6.981875,-0.187340,-4.202214,-0.001189,1.465233,5.274839,-0.547434,0.624673,0,trail,1
7.015158,-0.208358,-4.151738,-0.001040,1.484684,5.344861,-0.522774,0.634569,0,trail,1
7.048314,-0.225291,-4.106990,-0.001131,1.459041,5.252547,-0.526823,0.642582,0,trail,1
7.081259,-0.240790,-4.061821,-0.000967,1.480362,5.329304,-0.462219,0.630440,0,trail,1
7.115104,-0.254705,-4.017391,-0.000915,1.480752,5.330706,-0.474142,0.645649,0,trail,1
7.148343,-0.269743,-3.967287,-0.001139,1.519971,5.471895,-0.511953,0.646939,0,trail,1
7.181587,-0.281863,-3.919421,-0.001102,1.480825,5.330971,-0.491202,0.641388,0,trail,1
7.214580,-0.291795,-3.872768,-0.001001,1.505083,5.418299,-0.413395,0.658784,0,trail,1
7.247485,-0.301916,-3.825267,-0.001170,1.512008,5.443231,-0.430838,0.689966,0,trail,1
7.280593,-0.311644,-3.768428,-0.001092,1.517901,5.464442,-0.381954,0.671085,0,trail,1
7.314104,-0.318170,-3.727319,-0.001219,1.563784,5.629624,-0.375865,0.666716,0,trail,1
7.348067,-0.325735,-3.666054,-0.001260,1.542604,5.553375,-0.364437,0.700160,0,trail,1
7.380989,-0.330115,-3.619472,-0.001143,1.562183,5.623860,-0.404364,0.761115,0,trail,1
7.413991,-0.334750,-3.564184,-0.001270,1.584774,5.705186,-0.425207,0.765323,0,trail,1
7.446788,-0.338205,-3.512311,-0.001320,1.621130,5.836068,-0.460637,0.769587,0,trail,1
7.479515,-0.340835,-3.459438,-0.001434,1.647295,5.930260,-0.501650,0.748147,0,trail,1
7.512945,-0.341520,-3.406093,-0.001451,1.649592,5.938531,-0.470621,0.724711,0,trail,1
7.545781,-0.341593,-3.343928,-0.001541,1.706614,6.143811,-0.473931,0.742596,0,trail,1
7.579062,-0.340019,-3.286722,-0.001604,1.714570,6.172451,-0.477695,0.740959,0,trail,1
7.612045,-0.337206,-3.229692,-0.001508,1.741403,6.269052,-0.517540,0.718272,0,trail,1
7.644269,-0.333598,-3.175584,-0.001524,1.746196,6.286304,-0.504483,0.702029,0,trail,1
7.676481,-0.327980,-3.122136,-0.001384,1.738251,6.257705,-0.489814,0.688937,0,trail,1
7.709610,-0.322000,-3.069555,-0.001373,1.777507,6.399025,-0.464512,0.685661,0,trail,1
7.742816,-0.311538,-3.003796,-0.001243,1.757169,6.325807,-0.439072,0.705383,0,trail,1
7.775759,-0.302891,-2.955873,-0.001161,1.770756,6.374720,-0.454234,0.703396,0,trail,1
7.808536,-0.290719,-2.896214,-0.001214,1.779137,6.404895,-0.418744,0.735655,0,trail,1
7.841857,-0.277091,-2.837261,-0.001109,1.771815,6.378533,-0.364878,0.699993,0,trail,1
7.874836,-0.263067,-2.783300,-0.001153,1.822043,6.559354,-0.366363,0.726173,0,trail,1
7.907374,-0.247750,-2.726699,-0.001266,1.780117,6.408422,-0.313031,0.698457,0,trail,1
7.940654,-0.227511,-2.662244,-0.001111,1.836571,6.611654,-0.283388,0.709931,0,trail,1
7.973412,-0.209586,-2.607537,-0.001262,1.832041,6.595349,-0.264124,0.697610,0,trail,1
8.006680,-0.190133,-2.552427,-0.001130,1.821630,6.557867,-0.275614,0.707203,0,trail,1
8.039216,-0.169737,-2.496649,-0.001206,1.846838,6.648616,-0.210657,0.712537,0,trail,1
8.072449,-0.145355,-2.434668,-0.001040,1.837363,6.614506,-0.203382,0.650775,0,trail,1
8.105450,-0.123702,-2.379371,-0.001211,1.873437,6.744372,-0.157104,0.689264,0,trail,1
8.138994,-0.099610,-2.321664,-0.001294,1.851480,6.665329,-0.146314,0.692804,0,trail,1
8.171550,-0.078251,-2.272451,-0.001110,1.850770,6.662770,-0.102193,0.726121,0,trail,1
8.204962,-0.052780,-2.214985,-0.000975,1.880697,6.770509,-0.084546,0.730736,0,trail,1
8.238894,-0.026395,-2.153819,-0.001275,1.875220,6.750790,-0.082764,0.698251,0,trail,1
8.271305,-0.001894,-2.099174,-0.001147,1.880517,6.769860,-0.002334,0.735788,0,trail,1
8.304559,0.026201,-2.037295,-0.000962,1.910128,6.876462,0.015863,0.693178,0,trail,1
8.337278,0.050147,-1.983786,-0.000910,1.912266,6.884158,0.044145,0.747791,0,trail,1
8.370754,0.075214,-1.925850,-0.001015,1.951477,7.025318,0.037322,0.770434,0,trail,1
8.403883,0.100708,-1.868216,-0.001191,1.937257,6.974124,0.035006,0.776409,0,trail,1
8.436597,0.129630,-1.801619,-0.001234,1.931888,6.954796,0.058974,0.759289,0,trail,1
8.469976,0.153718,-1.744971,-0.001047,1.992224,7.172006,0.065679,0.766138,0,trail,1
8.502243,0.179601,-1.684847,-0.001576,2.020970,7.275491,0.027149,0.781766,0,trail,1
8.535746,0.204619,-1.623937,-0.001728,2.019912,7.271683,0.051444,0.728297,0,trail,1
8.569042,0.230657,-1.561620,-0.001472,2.019609,7.270593,0.037769,0.697712,0,trail,1
8.601511,0.254442,-1.503375,-0.001208,2.024937,7.289773,0.025181,0.711418,0,trail,1
8.635007,0.282053,-1.436982,-0.001057,2.024225,7.287209,-0.029069,0.686094,0,trail,1
8.667584,0.307013,-1.377494,-0.000956,2.035164,7.326591,-0.108177,0.732342,0,trail,1
8.700268,0.333460,-1.316133,-0.001034,2.035831,7.328991,-0.203997,0.786938,0,trail,1
8.733785,0.360378,-1.256211,-0.001077,2.045250,7.362900,-0.138807,0.815765,0,trail,1
8.767126,0.389400,-1.192777,-0.001213,2.066418,7.439106,-0.084127,0.805091,0,trail,1
8.800282,0.419396,-1.126125,-0.001314,2.087027,7.513297,-0.073645,0.795869,0,trail,1
8.833562,0.450493,-1.059737,-0.001175,2.102608,7.569387,-0.107219,0.820100,0,trail,1
8.866784,0.478236,-0.998623,-0.001326,2.190151,7.884544,-0.245985,0.870848,0,trail,1
8.899264,0.510980,-0.929588,-0.002004,2.175502,7.831809,-0.252939,0.868498,0,trail,1
8.932477,0.539725,-0.874578,-0.001692,2.158945,7.772201,-0.215121,0.760083,0,trail,1
8.965858,0.576050,-0.804571,-0.001486,2.244025,8.078490,-0.263238,0.762127,0,trail,1
8.998225,0.613266,-0.737643,-0.001865,2.218880,7.987969,-0.248694,0.720665,0,trail,1
9.032780,0.650597,-0.674710,-0.001351,2.233171,8.039414,-0.258456,0.670646,0,trail,1
9.065368,0.687956,-0.613263,-0.001397,2.219781,7.991213,-0.299100,0.715188,0,trail,1
9.098304,0.726706,-0.553226,-0.001100,2.206077,7.941876,-0.361072,0.660065,0,trail,1
9.131549,0.767610,-0.491213,-0.001204,2.230292,8.029051,-0.362982,0.660577,0,trail,1
9.164304,0.807571,-0.435134,-0.000945,2.195847,7.905048,-0.394313,0.620750,0,trail,1
9.197621,0.853673,-0.373913,-0.000667,2.189359,7.881693,-0.383863,0.586282,0,trail,1
9.230751,0.900000,-0.313728,-0.000958,2.147518,7.731067,-0.372714,0.578431,0,trail,1
9.263789,0.939905,-0.267229,-0.000505,2.092667,7.533602,-0.389521,0.540530,0,trail,1
9.296617,0.991749,-0.210298,-0.000269,2.107656,7.587563,-0.404427,0.476290,0,trail,1
9.329399,1.038685,-0.160279,-0.000446,2.065253,7.434910,-0.516170,0.427407,0,trail,1
9.362592,1.083688,-0.116462,-0.000135,1.995646,7.184324,-0.533222,0.406465,0,trail,1
9.395542,1.134591,-0.071107,0.000293,1.909916,6.875698,-0.545507,0.393673,0,trail,1
9.428873,1.179970,-0.033839,0.000474,1.869530,6.730308,-0.545444,0.380062,0,trail,1
9.461915,1.228325,0.003293,0.000463,1.807217,6.505982,-0.548298,0.399388,0,trail,1
9.494452,1.273637,0.034822,0.000661,1.739693,6.262895,-0.573890,0.415922,0,trail,1
9.527790,1.323340,0.066848,0.000404,1.712337,6.164414,-0.573638,0.436938,0,trail,1
9.560857,1.370166,0.093633,0.000498,1.677736,6.039850,-0.594953,0.421240,0,trail,1
9.593882,1.417204,0.119706,0.000183,1.626309,5.854713,-0.605701,0.367662,0,trail,1
9.626565,1.467284,0.143297,0.000285,1.600954,5.763435,-0.613142,0.352756,0,trail,1
9.659327,1.516071,0.164288,0.000182,1.563723,5.629404,-0.603379,0.350150,0,trail,1
9.692895,1.558533,0.180733,0.000279,1.497653,5.391550,-0.596257,0.344762,0,trail,1
9.725436,1.604295,0.195889,0.000328,1.470861,5.295098,-0.581622,0.331566,0,trail,1
9.758698,1.648306,0.208858,0.000332,1.400187,5.040672,-0.622613,0.384618,0,trail,1
9.791980,1.697915,0.221325,0.000454,1.345226,4.842812,-0.629721,0.352144,0,trail,1
9.825051,1.743407,0.230073,0.000439,1.336194,4.810298,-0.642128,0.375569,0,trail,1
9.857578,1.778947,0.236755,-0.000016,1.300195,4.680702,-0.665077,0.394349,0,trail,1
9.890477,1.825814,0.242586,0.000127,1.258916,4.532099,-0.709348,0.464486,0,trail,1
9.923331,1.865093,0.245672,0.000154,1.230969,4.431488,-0.655294,0.536465,0,trail,1
9.956561,1.903876,0.247323,0.000038,1.244759,4.481133,-0.752216,0.545820,0,trail,1
9.989536,1.946849,0.248326,-0.000371,1.251878,4.506760,-0.797025,0.524114,0,trail,1
10.023506,1.994599,0.247290,-0.000550,1.252584,4.509302,-0.744829,0.612085,0,trail,1
10.056327,2.032203,0.245059,-0.000636,1.239225,4.461210,-0.689902,0.666624,0,trail,1
10.089726,2.073456,0.241715,-0.000824,1.265510,4.555835,-0.659899,0.727448,0,trail,1
10.122378,2.114844,0.236418,-0.000727,1.284578,4.624481,-0.651419,0.648043,0,trail,1
10.155472,2.156622,0.231168,-0.001158,1.334067,4.802643,-0.717535,0.626829,0,trail,1
10.188366,2.205634,0.221845,-0.001262,1.329032,4.784517,-0.682107,0.624067,0,trail,1
10.221927,2.246653,0.213901,-0.001256,1.333505,4.800618,-0.754932,0.659591,0,trail,1
10.255090,2.288338,0.203596,-0.001202,1.346728,4.848222,-0.731660,0.650376,0,trail,1
10.288061,2.329053,0.192707,-0.001118,1.350133,4.860479,-0.730254,0.603526,0,trail,1
10.320757,2.378360,0.178235,-0.001230,1.360508,4.897829,-0.769492,0.605212,0,trail,1
10.353651,2.417222,0.165303,-0.001121,1.372499,4.940998,-0.773280,0.551344,0,trail,1
10.387022,2.459862,0.149866,-0.001238,1.389918,5.003704,-0.780373,0.506864,0,trail,1
10.419726,2.502327,0.132627,-0.001018,1.367290,4.922243,-0.802083,0.461050,0,trail,1
10.452498,2.540720,0.115478,-0.000827,1.343450,4.836419,-0.848648,0.394823,0,trail,1
10.485398,2.578839,0.097040,-0.000735,1.317870,4.744334,-0.843567,0.330406,0,trail,1
10.518738,2.615959,0.076738,-0.000472,1.277093,4.597536,-0.831374,0.296391,0,trail,1
10.551551,2.651586,0.055570,-0.000306,1.235630,4.448269,-0.812681,0.288437,0,trail,1
10.584369,2.684536,0.033996,-0.000065,1.204295,4.335464,-0.783921,0.279787,0,trail,1
10.618098,2.720906,0.007657,0.000125,1.150394,4.141418,-0.774908,0.258638,0,trail,1
10.650653,2.746950,-0.012254,0.000079,1.109379,3.993763,-0.749390,0.235035,0,trail,1
10.682282,2.773789,-0.034668,0.000067,1.087347,3.914451,-0.739637,0.236377,0,trail,1
10.715317,2.801553,-0.059368,0.000124,1.029731,3.707032,-0.717744,0.234990,0,trail,1
10.748852,2.825410,-0.083435,0.000203,1.010737,3.638654,-0.718267,0.226323,0,trail,1
10.781332,2.844389,-0.104074,0.000204,0.960855,3.459078,-0.723242,0.231403,0,trail,1
10.814390,2.867858,-0.131135,0.000117,0.949095,3.416742,-0.729533,0.243107,0,trail,1
10.847305,2.884688,-0.151286,-0.000080,0.921431,3.317153,-0.707209,0.273517,0,trail,1
10.880662,2.905080,-0.178215,-0.000054,0.889579,3.202483,-0.718458,0.290207,0,trail,1
10.913351,2.920657,-0.199773,-0.000114,0.852701,3.069722,-0.724577,0.322742,0,trail,1
10.947028,2.936640,-0.222712,-0.000318,0.840994,3.027577,-0.734657,0.319997,0,trail,1
10.980165,2.951357,-0.246166,-0.000294,0.831193,2.992294,-0.736385,0.316211,0,trail,1
11.013985,2.965205,-0.268887,-0.000362,0.797490,2.870965,-0.749245,0.334112,0,trail,1
11.046458,2.977390,-0.290216,-0.000417,0.804629,2.896663,-0.741935,0.368360,0,trail,1
11.079236,2.991509,-0.316476,-0.000422,0.773117,2.783222,-0.731030,0.374658,0,trail,1
11.113119,3.002642,-0.338985,-0.000478,0.768520,2.766671,-0.732613,0.373090,0,trail,1
11.145255,3.013478,-0.361954,-0.000544,0.777923,2.800523,-0.750583,0.395881,0,trail,1
11.178314,3.023011,-0.383262,-0.000625,0.750206,2.700741,-0.751248,0.471213,0,trail,1
11.211375,3.032416,-0.406393,-0.000642,0.765975,2.757511,-0.748495,0.462986,0,trail,1
11.244686,3.042152,-0.431438,-0.000714,0.764946,2.753805,-0.735362,0.520926,0,trail,1
11.278082,3.051125,-0.455820,-0.000678,0.761822,2.742559,-0.704175,0.592634,0,trail,1
11.311180,3.058837,-0.479273,-0.000700,0.785071,2.826257,-0.750151,0.552308,0,trail,1
11.345102,3.068355,-0.506927,-0.000825,0.802294,2.888258,-0.692387,0.610489,0,trail,1
11.378143,3.076553,-0.533524,-0.000986,0.789097,2.840748,-0.714594,0.611178,1,trail,1
11.411920,3.082462,-0.555886,-0.001033,0.834000,3.002399,-0.730305,0.562125,1,trail,1
11.444969,3.091524,-0.588344,-0.001067,0.838050,3.016979,-0.676430,0.597060,1,trail,1
11.477450,3.097177,-0.610652,-0.001138,0.880814,3.170932,-0.665955,0.614629,1,trail,1
11.511011,3.103961,-0.643913,-0.001211,0.873012,3.142844,-0.670638,0.610478,1,trail,1
11.543229,3.108866,-0.668686,-0.001216,0.907526,3.267095,-0.617574,0.591461,1,trail,1
11.577047,3.115041,-0.703217,-0.001233,0.918868,3.307925,-0.581130,0.625180,1,trail,1
11.609228,3.119442,-0.728173,-0.001143,0.937000,3.373200,-0.592814,0.648273,1,trail,1
11.643145,3.125778,-0.763466,-0.001159,0.962754,3.465914,-0.592445,0.624917,1,trail,1
11.675970,3.131168,-0.797365,-0.001167,1.024351,3.687663,-0.558865,0.706092,1,trail,1
11.709184,3.136047,-0.832511,-0.001570,1.032867,3.718320,-0.496676,0.732391,1,trail,1
11.742298,3.139572,-0.863009,-0.001456,1.070334,3.853203,-0.431880,0.713399,1,trail,1
11.776022,3.143805,-0.902109,-0.001470,1.088150,3.917341,-0.445450,0.717511,1,trail,1
11.808787,3.147202,-0.938366,-0.001483,1.133725,4.081409,-0.423230,0.736882,1,trail,1
11.842170,3.149711,-0.973914,-0.001516,1.147629,4.131464,-0.334395,0.738791,1,trail,1
11.875950,3.152154,-1.016392,-0.001405,1.197439,4.310782,-0.254612,0.788069,1,trail,1
11.909029,3.154638,-1.055813,-0.001830,1.227474,4.418907,-0.183073,0.811852,1,trail,1
11.941788,3.156377,-1.096043,-0.001686,1.256816,4.524539,-0.176026,0.806983,1,trail,1
11.975089,3.158947,-1.136905,-0.001550,1.332930,4.798547,-0.155164,0.853047,1,trail,1
12.007386,3.159969,-1.178156,-0.001955,1.342605,4.833378,-0.119604,0.842187,1,trail,1
12.041015,3.162363,-1.231298,-0.001805,1.397660,5.031574,-0.088313,0.853943,1,trail,1
12.074059,3.164135,-1.277652,-0.002036,1.493598,5.376953,-0.117261,0.904919,1,trail,1
12.106725,3.164895,-1.321294,-0.002301,1.485609,5.348191,-0.096641,0.849224,1,trail,1
12.139541,3.166337,-1.379163,-0.001772,1.545545,5.563961,-0.108929,0.883913,1,trail,1
12.172905,3.167482,-1.428443,-0.002314,1.593816,5.737737,-0.110679,0.899089,1,trail,1
12.206036,3.168334,-1.485159,-0.002049,1.626818,5.856544,-0.115872,0.879986,1,trail,1
12.239209,3.169220,-1.541066,-0.002099,1.720198,6.192713,-0.132147,0.914512,1,trail,1
12.272791,3.169249,-1.591702,-0.002109,1.724594,6.208537,-0.086262,0.898594,1,trail,1
12.305882,3.170051,-1.649504,-0.002199,1.824838,6.569417,-0.077840,0.902515,1,trail,1
12.338441,3.169806,-1.714629,-0.002143,1.830164,6.588590,-0.064659,0.889910,1,trail,1
12.371935,3.170169,-1.771981,-0.002111,1.902600,6.849359,-0.103993,0.928912,1,trail,1
12.404593,3.169776,-1.833919,-0.002093,1.920111,6.912400,-0.139403,0.936370,1,trail,1
12.438197,3.170312,-1.908497,-0.002411,2.011377,7.240956,-0.139622,0.950000,1,trail,1
12.472136,3.168423,-1.966564,-0.002337,2.038557,7.338805,-0.168031,0.950000,1,trail,1
12.504314,3.167259,-2.033386,-0.002261,2.076534,7.475522,-0.153932,0.939282,1,trail,1
12.538157,3.164881,-2.112743,-0.002099,2.159536,7.774328,-0.102052,0.923116,1,trail,1
12.571214,3.162172,-2.180336,-0.002442,2.185386,7.867391,-0.106783,0.930611,1,trail,1
12.605024,3.158393,-2.264800,-0.002188,2.230544,8.029958,-0.093466,0.896837,1,trail,1
12.638186,3.155547,-2.333404,-0.002038,2.288081,8.237092,-0.078263,0.891281,1,trail,1
12.670765,3.151476,-2.405381,-0.002084,2.291872,8.250738,-0.061115,0.926623,1,trail,1
12.703716,3.147494,-2.484412,-0.001996,2.354858,8.477489,-0.065038,0.926336,1,trail,1
12.736286,3.142903,-2.561700,-0.001859,2.399872,8.639541,-0.092247,0.891161,1,trail,1
12.770152,3.137526,-2.646053,-0.002221,2.421237,8.716452,-0.069469,0.853654,1,trail,1
12.802987,3.132193,-2.723180,-0.001957,2.441110,8.787997,-0.089933,0.857167,1,trail,1
12.836291,3.127721,-2.796613,-0.001799,2.480692,8.930491,-0.113650,0.881935,1,trail,1
12.869425,3.121078,-2.884063,-0.001671,2.524422,9.087919,-0.157277,0.899096,1,trail,1
12.903222,3.113732,-2.964093,-0.001763,2.527128,9.097659,-0.145330,0.905423,1,trail,1
12.936779,3.105502,-3.062619,-0.001804,2.563978,9.230321,-0.119127,0.933401,1,trail,1
12.970077,3.097081,-3.146015,-0.001609,2.605815,9.380932,-0.126246,0.930685,1,trail,1
13.002573,3.089467,-3.224630,-0.002163,2.655907,9.561266,-0.126831,0.876761,1,trail,1
13.035703,3.078316,-3.318413,-0.002016,2.652648,9.549534,-0.146619,0.863402,1,trail,1
13.069117,3.069282,-3.400191,-0.001865,2.716701,9.780122,-0.227262,0.926363,1,trail,1
13.101943,3.056635,-3.499353,-0.001709,2.739791,9.863246,-0.233946,0.902541,1,trail,1
13.134414,3.044391,-3.589123,-0.001730,2.753181,9.911453,-0.300785,0.857498,1,trail,1
13.167882,3.032537,-3.670904,-0.001725,2.793778,10.057599,-0.366911,0.852070,1,trail,1
13.200410,3.016486,-3.769548,-0.001718,2.803573,10.092864,-0.338217,0.834198,1,trail,1
13.234091,3.000428,-3.858321,-0.001733,2.834218,10.203187,-0.335006,0.775999,1,trail,1
13.266281,2.982185,-3.947889,-0.001870,2.804111,10.094798,-0.419042,0.694259,1,trail,1
13.299785,2.963721,-4.031454,-0.001362,2.808767,10.111563,-0.509201,0.610563,1,trail,1
13.332843,2.939498,-4.127292,-0.001157,2.733181,9.839452,-0.606978,0.526139,1,trail,1
13.365784,2.916487,-4.208501,-0.000564,2.750402,9.901448,-0.643222,0.461947,1,trail,1
13.399028,2.891084,-4.290843,-0.000550,2.638329,9.497985,-0.566533,0.426725,1,trail,1
13.431337,2.859292,-4.374308,0.000582,2.492452,8.972826,-0.528572,0.301415,1,trail,1
13.464542,2.829394,-4.445269,0.000578,2.501688,9.006078,-0.555777,0.344918,1,trail,1
13.497565,2.794405,-4.522621,0.000718,2.339306,8.421502,-0.536360,0.314903,1,trail,1
13.530915,2.760984,-4.585384,0.001333,2.221878,7.998762,-0.547081,0.295354,1,trail,1
13.563295,2.724601,-4.647669,0.001320,2.186723,7.872204,-0.511562,0.296288,1,trail,1
13.596783,2.689335,-4.703895,0.001307,2.066870,7.440730,-0.511941,0.292071,1,trail,1
13.629719,2.644943,-4.765721,0.001494,1.984901,7.145642,-0.493809,0.284427,1,trail,1
13.662674,2.607737,-4.813757,0.001342,1.909518,6.874266,-0.544299,0.286815,1,trail,1
13.695422,2.570031,-4.857953,0.001470,1.803929,6.494145,-0.566373,0.277275,1,trail,1
13.728588,2.530601,-4.899898,0.001446,1.739638,6.262697,-0.595432,0.268309,1,trail,1
13.762208,2.487302,-4.941985,0.001447,1.656424,5.963127,-0.602701,0.250132,1,trail,1
13.795284,2.449934,-4.975308,0.001276,1.585062,5.706223,-0.650184,0.243342,1,trail,1
13.829114,2.411299,-5.006849,0.001087,1.527486,5.498948,-0.638692,0.209535,1,trail,1
13.861436,2.367612,-5.039083,0.001113,1.461377,5.260956,-0.670751,0.217187,1,trail,1
13.895063,2.326394,-5.066951,0.001039,1.376600,4.955758,-0.666654,0.247217,1,trail,1
13.927966,2.291162,-5.087559,0.001119,1.328857,4.783885,-0.671617,0.265449,1,trail,1
13.960400,2.255090,-5.107724,0.000661,1.306854,4.704676,-0.693180,0.298857,1,trail,1
13.993592,2.213233,-5.128457,0.000642,1.234665,4.444793,-0.716135,0.366419,1,trail,1
14.027262,2.174706,-5.144886,0.000563,1.200955,4.323436,-0.701521,0.390135,1,trail,1
14.060393,2.142584,-5.157320,0.000337,1.196299,4.306677,-0.731726,0.413875,1,trail,1
14.093894,2.100758,-5.171932,0.000118,1.170642,4.214312,-0.688527,0.373589,1,trail,1
14.126458,2.068026,-5.182296,-0.000015,1.143776,4.117592,-0.701118,0.449991,1,trail,1
14.160149,2.026417,-5.193184,-0.000160,1.153653,4.153152,-0.709387,0.487315,1,trail,1
14.193055,1.992213,-5.201006,-0.000269,1.121967,4.039080,-0.652593,0.534089,1,trail,1
14.225985,1.955793,-5.207833,-0.000346,1.131084,4.071902,-0.622213,0.574807,1,trail,1
14.258916,1.921496,-5.213397,-0.000438,1.124492,4.048170,-0.541605,0.633021,1,trail,1
14.292150,1.881338,-5.219040,-0.000737,1.160008,4.176027,-0.433804,0.657199,1,trail,1
14.324580,1.844810,-5.223069,-0.000848,1.174606,4.228582,-0.327565,0.627644,1,trail,1
14.357516,1.803122,-5.227428,-0.001029,1.211749,4.362295,-0.320451,0.675205,1,trail,1
14.390899,1.760944,-5.231402,-0.001161,1.220235,4.392847,-0.316699,0.668347,1,trail,1
14.423671,1.723961,-5.234979,-0.001224,1.251134,4.504081,-0.336043,0.655760,1,trail,1
14.457092,1.676219,-5.238005,-0.001211,1.264099,4.550758,-0.359238,0.696461,1,trail,1
14.489868,1.640539,-5.240181,-0.001246,1.269808,4.571310,-0.379281,0.669447,1,trail,1
14.523008,1.597783,-5.241682,-0.001244,1.305923,4.701324,-0.413901,0.648265,1,trail,1
14.556046,1.546916,-5.243088,-0.001309,1.333371,4.800136,-0.442310,0.671486,1,trail,1
14.589257,1.502333,-5.243036,-0.001426,1.351495,4.865381,-0.419288,0.658522,1,trail,1
14.622527,1.463380,-5.241196,-0.001556,1.322815,4.762135,-0.372389,0.677318,1,trail,1
14.656077,1.419791,-5.238498,-0.001266,1.352663,4.869587,-0.401397,0.693724,1,trail,1
14.687380,1.373816,-5.235752,-0.001321,1.396117,5.026020,-0.406025,0.712679,1,trail,1
14.720682,1.325587,-5.231051,-0.001403,1.374987,4.949952,-0.350488,0.711765,1,trail,1
14.754139,1.281025,-5.225736,-0.001234,1.421047,5.115769,-0.305458,0.672008,1,trail,1
14.786572,1.230695,-5.220320,-0.001345,1.459853,5.255470,-0.359942,0.721342,1,trail,1
14.820247,1.185038,-5.213739,-0.001319,1.459675,5.254831,-0.407672,0.746496,1,trail,1
14.853453,1.132536,-5.206243,-0.001455,1.512780,5.446008,-0.470018,0.716880,1,trail,1
14.886379,1.086231,-5.197473,-0.001455,1.521987,5.479153,-0.444351,0.689446,1,trail,1
14.919725,1.039366,-5.188371,-0.001507,1.560818,5.618946,-0.496795,0.703933,1,trail,1
14.952600,0.991476,-5.177815,-0.001531,1.534267,5.523360,-0.496027,0.699309,1,trail,1
14.986132,0.934353,-5.162989,-0.001461,1.551852,5.586667,-0.463557,0.678869,1,trail,1
15.019353,0.895592,-5.152468,-0.001507,1.568460,5.646457,-0.477641,0.671701,1,trail,1
15.052641,0.835398,-5.134204,-0.001265,1.565238,5.634857,-0.480410,0.646784,1,trail,1
15.085524,0.789628,-5.118845,-0.001262,1.573359,5.664093,-0.506047,0.631857,1,trail,1
15.119054,0.740076,-5.100819,-0.001197,1.569506,5.650221,-0.545725,0.601570,1,trail,1
15.152125,0.691271,-5.081726,-0.001114,1.574677,5.668837,-0.597940,0.575634,1,trail,1
15.184786,0.641339,-5.060293,-0.001091,1.561629,5.621865,-0.556391,0.586900,1,trail,1
15.217852,0.593821,-5.037183,-0.000778,1.561584,5.621701,-0.508318,0.574249,1,trail,1
15.250900,0.547976,-5.014629,-0.001116,1.571583,5.657697,-0.526720,0.608716,1,trail,1
15.283359,0.509656,-4.994116,-0.001017,1.539241,5.541269,-0.523000,0.610007,1,trail,1
15.316597,0.465966,-4.967605,-0.000640,1.547516,5.571056,-0.551352,0.545795,1,trail,1
15.350189,0.422513,-4.941024,-0.000893,1.531610,5.513795,-0.528404,0.570363,1,trail,1
15.383147,0.383157,-4.913836,-0.000554,1.524713,5.488966,-0.571541,0.533059,1,trail,1
15.415431,0.336291,-4.880660,-0.000899,1.511907,5.442865,-0.564839,0.521039,1,trail,1
15.448333,0.295605,-4.847925,-0.000612,1.522207,5.479944,-0.604312,0.505514,1,trail,1
15.481269,0.265342,-4.823129,-0.000600,1.479566,5.326436,-0.559384,0.550639,1,trail,1
15.514610,0.225096,-4.786856,-0.000644,1.491099,5.367958,-0.546475,0.536870,1,trail,1
15.547357,0.188319,-4.751137,-0.000503,1.446804,5.208494,-0.533574,0.556077,1,trail,1
15.580920,0.154254,-4.715487,-0.000494,1.447790,5.212044,-0.516296,0.548334,1,trail,1
15.613698,0.121823,-4.679470,-0.000524,1.445608,5.204190,-0.517649,0.597084,1,trail,1
15.646524,0.094974,-4.648118,-0.000590,1.428299,5.141877,-0.520742,0.607721,1,trail,1
15.679052,0.066426,-4.612362,-0.000617,1.456929,5.244944,-0.501945,0.652635,1,trail,1
15.711694,0.036910,-4.574037,-0.000828,1.433557,5.160807,-0.420020,0.680307,1,trail,1
15.745131,0.007268,-4.532645,-0.000826,1.490658,5.366369,-0.476420,0.669962,1,trail,1
15.777334,-0.020147,-4.492800,-0.000990,1.477917,5.320500,-0.504547,0.638198,1,trail,1
15.810664,-0.048719,-4.448631,-0.001216,1.503602,5.412966,-0.495216,0.626498,1,trail,1
15.843299,-0.072654,-4.409863,-0.001071,1.498515,5.394652,-0.526156,0.610290,1,trail,1
15.876671,-0.097082,-4.368147,-0.001237,1.509364,5.433712,-0.514829,0.652529,1,trail,1
15.909426,-0.120855,-4.324236,-0.001089,1.507319,5.426349,-0.527376,0.636890,1,trail,1
15.942355,-0.143097,-4.279303,-0.001109,1.522032,5.479314,-0.535139,0.646673,1,trail,1
15.975367,-0.165702,-4.232052,-0.001049,1.553830,5.593789,-0.550559,0.598085,1,trail,1
16.008530,-0.186382,-4.184723,-0.001153,1.540157,5.544564,-0.537666,0.607634,1,trail,1
16.041602,-0.205468,-4.136374,-0.000957,1.513439,5.448380,-0.521322,0.623782,1,trail,1
16.074308,-0.222525,-4.088912,-0.000878,1.519734,5.471043,-0.495162,0.624380,1,trail,1
16.108090,-0.239012,-4.039449,-0.000841,1.518976,5.468314,-0.492871,0.642594,1,trail,1
16.141092,-0.253431,-3.992626,-0.000921,1.563650,5.629141,-0.463929,0.609483,1,trail,1
16.173670,-0.265506,-3.949444,-0.001335,1.527498,5.498994,-0.460648,0.666180,1,trail,1
16.206446,-0.277426,-3.899508,-0.000942,1.523598,5.484953,-0.431080,0.637242,1,trail,1
16.239625,-0.288460,-3.846112,-0.001006,1.540865,5.547114,-0.423336,0.651849,1,trail,1
16.272763,-0.298863,-3.791592,-0.001094,1.568042,5.644952,-0.418074,0.659941,1,trail,1
16.306184,-0.305299,-3.751927,-0.000986,1.558105,5.609179,-0.390784,0.695813,1,trail,1
16.338958,-0.312345,-3.697104,-0.001041,1.558422,5.610318,-0.405822,0.735358,1,trail,1
16.371769,-0.319284,-3.644253,-0.001172,1.608407,5.790267,-0.433730,0.746373,1,trail,1
16.404887,-0.324261,-3.584095,-0.001057,1.621599,5.837755,-0.477423,0.742442,1,trail,1
16.438239,-0.329112,-3.534833,-0.001161,1.650777,5.942797,-0.485560,0.777682,1,trail,1
16.471395,-0.331950,-3.480081,-0.001335,1.689888,6.083598,-0.565056,0.750766,1,trail,1
16.504848,-0.334313,-3.422669,-0.001582,1.715048,6.174171,-0.503216,0.752541,1,trail,1
16.538345,-0.333838,-3.370244,-0.001598,1.675558,6.032009,-0.493031,0.716575,1,trail,1
16.571884,-0.332870,-3.313330,-0.001411,1.742964,6.274672,-0.515830,0.674223,1,trail,1
16.604909,-0.329967,-3.246327,-0.001454,1.740051,6.264185,-0.519237,0.718865,1,trail,1
16.638162,-0.326286,-3.196240,-0.001429,1.728173,6.221423,-0.532385,0.705940,1,trail,1
16.669736,-0.320026,-3.134523,-0.001269,1.754207,6.315145,-0.468233,0.744185,1,trail,1
16.702523,-0.312982,-3.080856,-0.001173,1.756078,6.321881,-0.467331,0.747394,1,trail,1
16.735516,-0.305195,-3.020464,-0.001315,1.808050,6.508980,-0.457188,0.713831,1,trail,1
16.768472,-0.294001,-2.959020,-0.001455,1.814197,6.531109,-0.455859,0.727884,1,trail,1
16.801579,-0.282145,-2.899385,-0.001427,1.827051,6.577382,-0.410717,0.724117,1,trail,1
16.835185,-0.269240,-2.839984,-0.001348,1.822397,6.560629,-0.404701,0.719351,1,trail,1
16.868243,-0.256858,-2.787033,-0.001394,1.864287,6.711432,-0.379492,0.737391,1,trail,1
16.901647,-0.240240,-2.726433,-0.001248,1.836292,6.610653,-0.341852,0.688457,1,trail,1
16.934650,-0.224238,-2.671546,-0.001172,1.870390,6.733406,-0.295839,0.714939,1,trail,1
16.968074,-0.202784,-2.602178,-0.001311,1.868075,6.725070,-0.247623,0.686440,1,trail,1
17.000477,-0.185399,-2.550485,-0.001143,1.868943,6.728193,-0.265741,0.684193,1,trail,1
17.034564,-0.166165,-2.495473,-0.001114,1.866201,6.718324,-0.259431,0.713376,1,trail,1
17.067875,-0.142112,-2.431140,-0.001206,1.883926,6.782135,-0.218949,0.712170,1,trail,1
17.100530,-0.119323,-2.374458,-0.001044,1.870437,6.733575,-0.226356,0.683872,1,trail,1
17.133666,-0.096208,-2.317070,-0.001108,1.895858,6.825088,-0.135672,0.696433,1,trail,1
17.167022,-0.072841,-2.261943,-0.001107,1.878564,6.762829,-0.116465,0.732843,1,trail,1
17.199627,-0.046987,-2.203238,-0.001107,1.922687,6.921671,-0.115265,0.720225,1,trail,1
17.232354,-0.021826,-2.146143,-0.001218,1.905477,6.859717,-0.053269,0.747201,1,trail,1
17.265673,0.007616,-2.080607,-0.001086,1.924461,6.928058,-0.015998,0.737521,1,trail,1
17.299094,0.032970,-2.024633,-0.000967,1.942933,6.994559,0.013967,0.701556,1,trail,1
17.332138,0.057228,-1.968055,-0.000996,1.953342,7.032031,0.035653,0.750626,1,trail,1
17.364959,0.085520,-1.902875,-0.001017,1.969335,7.089605,0.038054,0.755742,1,trail,1
17.398128,0.107537,-1.851549,-0.001231,1.969405,7.089859,0.044810,0.776029,1,trail,1
17.430394,0.135001,-1.787571,-0.001096,1.985167,7.146600,0.080449,0.762884,1,trail,1
17.463573,0.159597,-1.729340,-0.001107,2.016128,7.258062,0.075110,0.769965,1,trail,1
17.496989,0.186595,-1.664898,-0.001242,2.020020,7.272072,0.037790,0.762363,1,trail,1
17.529609,0.212408,-1.602760,-0.001139,2.038579,7.338885,0.021285,0.759667,1,trail,1
17.562370,0.236559,-1.544783,-0.001275,2.115925,7.617331,0.023789,0.753773,1,trail,1
17.595342,0.266050,-1.472921,-0.001728,2.083041,7.498946,0.025836,0.722035,1,trail,1
17.629289,0.287548,-1.419628,-0.001586,2.079031,7.484513,-0.055174,0.707680,1,trail,1
17.662810,0.313113,-1.356787,-0.001314,2.081671,7.494015,-0.096780,0.719281,1,trail,1
17.695468,0.341649,-1.288558,-0.001142,2.070367,7.453321,-0.134576,0.738028,1,trail,1
17.728781,0.372999,-1.217392,-0.001009,2.080852,7.491067,-0.117528,0.795300,1,trail,1
17.761361,0.394848,-1.167871,-0.001161,2.095910,7.545276,-0.081029,0.763213,1,trail,1
17.794921,0.426980,-1.098792,-0.001206,2.105674,7.580426,-0.118497,0.782997,1,trail,1
17.827650,0.458895,-1.029456,-0.001252,2.120118,7.632424,-0.127797,0.808152,1,trail,1
17.861184,0.485813,-0.973513,-0.001215,2.138936,7.700171,-0.140673,0.781447,1,trail,1
17.893951,0.517777,-0.907052,-0.001293,2.166233,7.798440,-0.293138,0.816172,1,trail,1
17.926539,0.547844,-0.846286,-0.001236,2.193993,7.898374,-0.312286,0.797048,1,trail,1
17.960118,0.587556,-0.768662,-0.001476,2.205002,7.938009,-0.313860,0.788920,1,trail,1
17.992552,0.616974,-0.716919,-0.001498,2.186653,7.871952,-0.308525,0.716555,1,trail,1
18.026343,0.656666,-0.645851,-0.001476,2.233183,8.039460,-0.339952,0.723980,1,trail,1
18.060048,0.692683,-0.587191,-0.001230,2.226134,8.014083,-0.370466,0.700729,1,trail,1
18.092384,0.731101,-0.525417,-0.001426,2.219306,7.989502,-0.387742,0.707477,1,trail,1
18.125366,0.775958,-0.459128,-0.001145,2.216852,7.980666,-0.397323,0.650236,1,trail,1
18.158908,0.817397,-0.400054,-0.001059,2.210482,7.957736,-0.374991,0.622479,1,trail,1
18.192065,0.858758,-0.344235,-0.000949,2.196563,7.907627,-0.373373,0.592222,1,trail,1
18.224706,0.906786,-0.283647,-0.000606,2.159881,7.775570,-0.359669,0.546356,1,trail,1
18.257927,0.950528,-0.229894,-0.000836,2.142204,7.711934,-0.416110,0.490102,1,trail,1
18.291003,0.992947,-0.182554,-0.000319,2.066077,7.437876,-0.459882,0.470102,1,trail,1
18.323787,1.041372,-0.131886,-0.000303,2.067725,7.443811,-0.493003,0.439076,1,trail,1
18.356846,1.085759,-0.088499,0.000037,1.959108,7.052788,-0.535354,0.374887,1,trail,1
18.389724,1.133348,-0.046738,0.000399,1.927752,6.939906,-0.531767,0.347478,1,trail,1
18.422901,1.184690,-0.004244,0.000455,1.855462,6.679664,-0.551738,0.332203,1,trail,1
18.455596,1.228612,0.028984,0.000602,1.786439,6.431181,-0.572370,0.412344,1,trail,1
18.488849,1.276795,0.061568,0.000995,1.698176,6.113433,-0.563551,0.406550,1,trail,1
18.522306,1.323641,0.090417,0.000721,1.713043,6.166953,-0.568922,0.422944,1,trail,1
18.555840,1.376745,0.121071,0.000442,1.638842,5.899831,-0.563571,0.335148,1,trail,1
18.588510,1.421073,0.143513,0.000500,1.587349,5.714457,-0.582941,0.318570,1,trail,1
18.621408,1.470358,0.165859,0.000650,1.519359,5.469692,-0.579221,0.302980,1,trail,1
18.654335,1.513472,0.183761,0.000507,1.472757,5.301927,-0.611469,0.307747,1,trail,1
18.686416,1.555138,0.198543,0.000639,1.433243,5.159673,-0.601780,0.306435,1,trail,1
18.720138,1.605555,0.214558,0.000519,1.377915,4.960492,-0.610663,0.346730,1,trail,1
18.753274,1.648463,0.225340,0.000614,1.346268,4.846564,-0.650883,0.360014,1,trail,1
18.786534,1.694407,0.236503,0.000053,1.311521,4.721476,-0.635143,0.454814,1,trail,1
18.819834,1.733994,0.244383,-0.000025,1.290186,4.644670,-0.632066,0.419945,1,trail,1
18.852330,1.775380,0.250187,0.000161,1.241880,4.470768,-0.692484,0.418213,1,trail,1
18.885430,1.815949,0.254360,0.000090,1.246246,4.486484,-0.738601,0.507367,1,trail,1
18.919007,1.859867,0.258034,-0.000139,1.210771,4.358777,-0.659296,0.548083,1,trail,1
18.951899,1.894729,0.259223,-0.000222,1.213005,4.366820,-0.764247,0.606837,1,trail,1
18.984405,1.940193,0.260197,-0.000601,1.220628,4.394261,-0.799894,0.550401,1,trail,1
19.018598,1.979840,0.259227,-0.000584,1.219655,4.390756,-0.752965,0.591112,1,trail,1
19.051687,2.021387,0.257041,-0.000741,1.248332,4.493994,-0.669391,0.713504,1,trail,1
19.084343,2.062222,0.253723,-0.000888,1.281828,4.614580,-0.727072,0.665652,1,trail,1
19.117783,2.107902,0.249541,-0.001159,1.284833,4.625397,-0.733617,0.669142,1,trail,1
19.150500,2.147054,0.243905,-0.001169,1.296112,4.666002,-0.734440,0.658516,1,trail,1
19.183778,2.188100,0.237938,-0.001191,1.324580,4.768486,-0.717005,0.641830,1,trail,1
19.216624,2.231843,0.229730,-0.001342,1.361173,4.900224,-0.734000,0.616687,1,trail,1
19.250304,2.279345,0.219536,-0.001343,1.331004,4.791615,-0.757485,0.621299,1,trail,1
19.283921,2.318861,0.209584,-0.001084,1.348697,4.855309,-0.753209,0.638056,1,trail,1
19.317302,2.363749,0.196599,-0.001274,1.360801,4.898883,-0.777579,0.589012,1,trail,1
19.350779,2.412910,0.181241,-0.001179,1.371081,4.935893,-0.790917,0.501627,1,trail,1
19.383985,2.455159,0.165624,-0.001041,1.361102,4.899968,-0.809848,0.449865,1,trail,1
19.416963,2.493299,0.150838,-0.000911,1.334924,4.805726,-0.834679,0.411208,1,trail,1
19.449992,2.530977,0.133895,-0.000643,1.302637,4.689493,-0.839596,0.378210,1,trail,1
19.483156,2.573005,0.113132,-0.000477,1.281424,4.613128,-0.826089,0.337455,1,trail,1
19.516161,2.609326,0.093551,-0.000358,1.227687,4.419674,-0.818582,0.301757,1,trail,1
19.548922,2.642437,0.074079,-0.000195,1.191483,4.289338,-0.799648,0.293396,1,trail,1
19.581509,2.674855,0.052366,0.000000,1.173984,4.226341,-0.792774,0.277360,1,trail,1
19.614880,2.706300,0.030571,-0.000188,1.139477,4.102117,-0.777463,0.243085,1,trail,1
19.647995,2.733402,0.010070,-0.000090,1.087041,3.913347,-0.734375,0.222005,1,trail,1
19.679547,2.760015,-0.012219,0.000076,1.042431,3.752750,-0.726192,0.228712,1,trail,1
19.712656,2.784066,-0.034149,0.000177,1.008837,3.631815,-0.730412,0.235574,1,trail,1
19.745507,2.808009,-0.057837,0.000174,0.988830,3.559789,-0.724117,0.236482,1,trail,1
19.778717,2.828935,-0.079958,0.000159,0.945560,3.404017,-0.723706,0.257326,1,trail,1
19.811348,2.849284,-0.103158,0.000077,0.933646,3.361125,-0.721391,0.306636,1,trail,1
19.845075,2.870495,-0.128687,-0.000005,0.903188,3.251477,-0.711966,0.306259,1,trail,1
19.877665,2.887207,-0.150340,-0.000077,0.870334,3.133201,-0.714452,0.300753,1,trail,1
19.910622,2.906190,-0.176786,-0.000164,0.852981,3.070732,-0.724921,0.332672,1,trail,1
19.944018,2.920478,-0.197170,-0.000375,0.829021,2.984475,-0.728556,0.333134,1,trail,1
19.976680,2.935896,-0.221095,-0.000385,0.833409,3.000273,-0.737049,0.336365,1,trail,1
20.009718,2.949001,-0.242006,-0.000420,0.802990,2.890764,-0.739069,0.347650,1,trail,1
20.043286,2.961587,-0.263786,-0.000439,0.808613,2.911008,-0.742398,0.365726,1,trail,1
20.077222,2.977499,-0.292634,-0.000548,0.797273,2.870183,-0.732456,0.396472,1,trail,1
20.109769,2.988287,-0.312901,-0.000564,0.771667,2.778001,-0.728418,0.392263,1,trail,1
20.142559,2.999407,-0.335298,-0.000619,0.777197,2.797911,-0.722778,0.395542,1,trail,1
20.176137,3.011548,-0.361325,-0.000674,0.768689,2.767279,-0.726806,0.443171,1,trail,1
20.208924,3.021193,-0.382807,-0.000698,0.755105,2.718378,-0.713746,0.482261,1,trail,1
20.242097,3.031904,-0.408365,-0.000722,0.755656,2.720361,-0.707522,0.496775,1,trail,1
20.274627,3.040838,-0.428200,-0.000820,0.767155,2.761757,-0.726657,0.531451,1,trail,1
20.308275,3.050770,-0.455033,-0.000846,0.764851,2.753465,-0.692672,0.588302,1,trail,1
20.340365,3.059661,-0.479664,-0.000873,0.798951,2.876224,-0.709731,0.577986,1,trail,1
20.374090,3.067014,-0.501993,-0.001039,0.821885,2.958787,-0.682926,0.607642,1,trail,1
20.406996,3.076055,-0.531754,-0.001100,0.829658,2.986767,-0.704812,0.610696,2,trail,1
20.440162,3.082561,-0.552803,-0.001136,0.831337,2.992812,-0.710755,0.592422,2,trail,1
20.472854,3.091083,-0.584666,-0.001192,0.869643,3.130715,-0.683868,0.595328,2,trail,1
20.505639,3.097476,-0.609802,-0.001160,0.873229,3.143624,-0.662686,0.607361,2,trail,1
20.538598,3.105197,-0.641284,-0.001168,0.907533,3.267119,-0.672715,0.610785,2,trail,1
20.571546,3.111780,-0.668059,-0.001206,0.916388,3.298995,-0.690056,0.614320,2,trail,1
20.604884,3.118539,-0.701601,-0.001230,0.968733,3.487437,-0.622376,0.659600,2,trail,1
20.637402,3.123721,-0.732253,-0.001294,0.951897,3.426829,-0.602728,0.651065,2,trail,1
20.671213,3.128572,-0.764360,-0.001252,0.985879,3.549163,-0.590129,0.644258,2,trail,1
20.703664,3.134181,-0.799515,-0.001201,1.037797,3.736070,-0.552884,0.701780,2,trail,1
20.737226,3.138085,-0.829238,-0.001337,1.055266,3.798959,-0.487378,0.748882,2,trail,1
20.769641,3.143192,-0.868173,-0.001603,1.144329,4.119583,-0.483143,0.772393,2,trail,1
20.802738,3.146723,-0.906416,-0.001723,1.110694,3.998500,-0.433696,0.734253,2,trail,1
20.836075,3.150376,-0.944224,-0.001621,1.181860,4.254696,-0.404618,0.745899,2,trail,1
20.868393,3.153835,-0.982352,-0.001575,1.175085,4.230306,-0.333316,0.744938,2,trail,1
20.901736,3.157171,-1.023802,-0.001447,1.253355,4.512077,-0.223044,0.782933,2,trail,1
20.934476,3.159036,-1.064380,-0.001847,1.254582,4.516495,-0.217041,0.767170,2,trail,1
20.967599,3.161560,-1.104901,-0.001786,1.274136,4.586888,-0.193581,0.807651,2,trail,1
21.000553,3.162707,-1.145705,-0.001591,1.318087,4.745112,-0.188117,0.821120,2,trail,1
21.034533,3.165286,-1.194545,-0.001864,1.422900,5.122439,-0.136459,0.862081,2,trail,1
21.067794,3.166677,-1.241103,-0.001892,1.413108,5.087190,-0.092070,0.850385,2,trail,1
21.101134,3.168346,-1.294416,-0.001847,1.500431,5.401550,-0.111524,0.905808,2,trail,1
21.134281,3.169211,-1.339866,-0.002084,1.508347,5.430051,-0.094776,0.873884,2,trail,1
21.166621,3.170286,-1.391191,-0.001780,1.579986,5.687948,-0.105524,0.902955,2,trail,1
21.199987,3.170565,-1.441174,-0.002356,1.615581,5.816092,-0.093114,0.883619,2,trail,1
21.232368,3.171260,-1.495448,-0.002063,1.643778,5.917601,-0.106030,0.883777,2,trail,1
21.265723,3.171957,-1.553774,-0.002256,1.754754,6.317115,-0.117161,0.913775,2,trail,1
21.298709,3.171241,-1.612783,-0.002344,1.750687,6.302472,-0.094231,0.888354,2,trail,1
21.331450,3.171539,-1.665989,-0.002095,1.806543,6.503554,-0.074819,0.901129,2,trail,1
21.364477,3.170756,-1.730640,-0.002444,1.854669,6.676807,-0.083345,0.913055,2,trail,1
21.397468,3.169900,-1.787213,-0.002131,1.883584,6.780902,-0.132688,0.933439,2,trail,1
21.430930,3.169435,-1.861295,-0.002181,2.011491,7.241366,-0.120752,0.950000,2,trail,1
21.463668,3.167375,-1.925151,-0.002663,1.990133,7.164478,-0.106676,0.898384,2,trail,1
21.497259,3.165182,-1.988574,-0.002155,2.038753,7.339512,-0.101752,0.920619,2,trail,1
21.529893,3.163543,-2.062503,-0.002072,2.119461,7.630060,-0.098334,0.908738,2,trail,1
21.563126,3.160627,-2.129431,-0.002192,2.128806,7.663701,-0.076994,0.898964,2,trail,1
21.595772,3.157547,-2.199327,-0.001961,2.179117,7.844822,-0.087872,0.887730,2,trail,1
21.628494,3.154974,-2.266713,-0.002235,2.236213,8.050367,-0.105164,0.919828,2,trail,1
21.662107,3.149848,-2.345841,-0.002087,2.244175,8.079029,-0.071022,0.889831,2,trail,1
21.694514,3.146433,-2.414358,-0.001948,2.283833,8.221800,-0.033543,0.837515,2,trail,1
21.727785,3.141134,-2.507619,-0.002254,2.324262,8.367344,-0.059175,0.877815,2,trail,1
21.760624,3.136592,-2.574283,-0.002236,2.329923,8.387724,-0.058480,0.867037,2,trail,1
21.794132,3.130372,-2.659688,-0.001684,2.386693,8.592096,-0.047515,0.855710,2,trail,1
21.827341,3.124786,-2.738055,-0.001561,2.424139,8.726902,-0.061500,0.829450,2,trail,1
21.860740,3.119506,-2.815632,-0.001629,2.416884,8.700783,-0.073675,0.812325,2,trail,1
21.894174,3.112766,-2.894489,-0.001449,2.459582,8.854495,-0.094587,0.883808,2,trail,1
21.926889,3.105647,-2.974508,-0.002044,2.458162,8.849382,-0.161070,0.898254,2,trail,1
21.960320,3.095700,-3.064177,-0.001767,2.485414,8.947492,-0.161553,0.821053,2,trail,1
21.994202,3.087578,-3.139743,-0.001691,2.522064,9.079431,-0.089726,0.829731,2,trail,1
22.027780,3.077207,-3.227499,-0.001479,2.558210,9.209555,-0.088711,0.815117,2,trail,1
22.061159,3.066819,-3.316607,-0.001454,2.549707,9.178943,-0.118623,0.842246,2,trail,1
22.093824,3.056778,-3.394912,-0.001289,2.583074,9.299067,-0.134839,0.836953,2,trail,1
22.126438,3.045560,-3.478209,-0.001403,2.601507,9.365425,-0.241565,0.881849,2,trail,1
22.159786,3.032730,-3.565476,-0.001483,2.603562,9.372825,-0.278060,0.839668,2,trail,1
22.192839,3.017951,-3.659557,-0.001479,2.635874,9.489145,-0.357656,0.826120,2,trail,1
22.225871,3.006648,-3.730191,-0.001646,2.666509,9.599431,-0.334597,0.795869,2,trail,1
22.258722,2.985960,-3.829332,-0.001439,2.623256,9.443720,-0.374441,0.755648,2,trail,1
22.291871,2.968023,-3.912757,-0.001490,2.670621,9.614236,-0.343336,0.730797,2,trail,1
22.324442,2.949089,-3.991586,-0.001430,2.659427,9.573938,-0.366379,0.642321,2,trail,1
22.357984,2.926087,-4.079089,-0.001203,2.656517,9.563460,-0.489295,0.567958,2,trail,1
22.391342,2.902966,-4.159737,-0.000929,2.564134,9.230881,-0.575579,0.459965,2,trail,1
22.424889,2.876710,-4.236360,-0.000128,2.512891,9.046408,-0.534439,0.388746,2,trail,1
22.458121,2.848585,-4.317366,-0.000550,2.478012,8.920843,-0.514830,0.326970,2,trail,1
22.491009,2.816846,-4.393561,0.000442,2.316345,8.338842,-0.480520,0.282522,2,trail,1
22.524073,2.784876,-4.459913,0.001079,2.210103,7.956372,-0.472524,0.271819,2,trail,1
22.556750,2.752906,-4.520331,0.001341,2.126575,7.655672,-0.462197,0.249279,2,trail,1
22.590033,2.720244,-4.577949,0.001184,2.056246,7.402487,-0.493611,0.267306,2,trail,1
22.622667,2.687831,-4.628932,0.001464,1.950133,7.020478,-0.488342,0.264550,2,trail,1
22.655932,2.646662,-4.686829,0.001605,1.858406,6.690262,-0.517209,0.288807,2,trail,1
22.687480,2.613945,-4.728923,0.001572,1.778256,6.401721,-0.503967,0.292324,2,trail,1
22.721251,2.575932,-4.774000,0.001279,1.724666,6.208796,-0.512618,0.293361,2,trail,1
22.753872,2.538790,-4.814633,0.001122,1.660253,5.976912,-0.532105,0.312878,2,trail,1
22.786902,2.497252,-4.855018,0.001269,1.571333,5.656800,-0.544770,0.326823,2,trail,1
22.819423,2.461917,-4.886998,0.001041,1.532864,5.518309,-0.547791,0.312598,2,trail,1
22.852726,2.424558,-4.917765,0.000866,1.487120,5.353632,-0.611566,0.327915,2,trail,1
22.886189,2.387322,-4.946101,0.000719,1.445026,5.202095,-0.607933,0.340069,2,trail,1
22.919103,2.342991,-4.976450,0.000740,1.389744,5.003077,-0.614842,0.328184,2,trail,1
22.951611,2.312722,-4.995866,0.000494,1.351909,4.866873,-0.612578,0.328039,2,trail,1
22.984740,2.266285,-5.022271,0.000427,1.304033,4.694520,-0.638672,0.329932,2,trail,1
23.018597,2.231874,-5.039809,0.000325,1.300398,4.681432,-0.616641,0.315185,2,trail,1
23.052066,2.193435,-5.058578,0.000176,1.240304,4.465096,-0.594093,0.373304,2,trail,1
23.084915,2.155605,-5.074634,0.000203,1.213165,4.367395,-0.620217,0.362210,2,trail,1
23.117604,2.119915,-5.088230,0.000224,1.168361,4.206101,-0.624404,0.439951,2,trail,1
23.150785,2.084610,-5.100816,0.000021,1.165165,4.194593,-0.592307,0.520592,2,trail,1
23.183963,2.047531,-5.112274,-0.000067,1.139157,4.100964,-0.591794,0.517356,2,trail,1
23.216552,2.009707,-5.123121,-0.000308,1.137451,4.094825,-0.574258,0.538317,2,trail,1
23.249936,1.973855,-5.131864,-0.000390,1.170176,4.212632,-0.421310,0.636492,2,trail,1
23.283132,1.934337,-5.140863,-0.000715,1.160018,4.176065,-0.410437,0.627147,2,trail,1
23.315658,1.894363,-5.148973,-0.000816,1.202016,4.327259,-0.381517,0.638560,2,trail,1
23.348572,1.852940,-5.156690,-0.001000,1.208000,4.348801,-0.361663,0.641551,2,trail,1
23.381541,1.813117,-5.162536,-0.001135,1.255566,4.520037,-0.330586,0.654918,2,trail,1
23.414819,1.772446,-5.168616,-0.001348,1.254576,4.516474,-0.343654,0.668613,2,trail,1
23.447719,1.730155,-5.173604,-0.001211,1.259872,4.535540,-0.352450,0.679211,2,trail,1
23.481205,1.691066,-5.178174,-0.001125,1.299203,4.677132,-0.356949,0.698132,2,trail,1
23.513542,1.647777,-5.182663,-0.001293,1.299755,4.679117,-0.407216,0.733603,2,trail,1
23.546571,1.605714,-5.185377,-0.001276,1.341128,4.828059,-0.386924,0.673273,2,trail,1
23.580193,1.558332,-5.188746,-0.001268,1.342954,4.834633,-0.448653,0.705113,2,trail,1
23.612967,1.513779,-5.190522,-0.001338,1.396618,5.027824,-0.437518,0.692422,2,trail,1
23.645408,1.468755,-5.191864,-0.001444,1.412652,5.085548,-0.511037,0.726894,2,trail,1
23.677586,1.423942,-5.191733,-0.001464,1.440474,5.185707,-0.477640,0.703340,2,trail,1
23.711302,1.372507,-5.191167,-0.001464,1.433697,5.161310,-0.470829,0.693383,2,trail,1
23.744144,1.329797,-5.188599,-0.001432,1.452577,5.229278,-0.438572,0.686794,2,trail,1
23.776783,1.276852,-5.185000,-0.001430,1.473313,5.303925,-0.420398,0.716146,2,trail,1
23.809446,1.225214,-5.180743,-0.001529,1.505352,5.419268,-0.414347,0.721630,2,trail,1
23.843346,1.179330,-5.175545,-0.001460,1.512803,5.446092,-0.464329,0.709587,2,trail,1
23.877034,1.123344,-5.168117,-0.001462,1.535181,5.526653,-0.455782,0.678042,2,trail,1
23.909459,1.077142,-5.160990,-0.001459,1.534387,5.523793,-0.411494,0.674310,2,trail,1
23.943049,1.033800,-5.153177,-0.001377,1.530941,5.511388,-0.445186,0.689491,2,trail,1
23.975888,0.977306,-5.141335,-0.001337,1.602298,5.768274,-0.450958,0.662896,2,trail,1
24.008607,0.922705,-5.128885,-0.001569,1.606076,5.781873,-0.485818,0.695691,2,trail,1
24.042064,0.878201,-5.117585,-0.001440,1.586877,5.712757,-0.526814,0.698366,2,trail,1
24.074486,0.829868,-5.103451,-0.001125,1.575230,5.670828,-0.513438,0.671338,2,trail,1
24.108270,0.770379,-5.085074,-0.001207,1.616631,5.819873,-0.566249,0.630255,2,trail,1
24.140995,0.719983,-5.067913,-0.001255,1.596879,5.748763,-0.588389,0.634411,2,trail,1
24.173899,0.673203,-5.049269,-0.000886,1.614053,5.810590,-0.611360,0.583263,2,trail,1
24.207250,0.625991,-5.030332,-0.001189,1.603002,5.770807,-0.639032,0.563399,2,trail,1
24.239533,0.581777,-5.009868,-0.000869,1.554257,5.595326,-0.554465,0.568794,2,trail,1
24.272445,0.536622,-4.986598,-0.000632,1.576189,5.674281,-0.518776,0.557730,2,trail,1
24.305890,0.483721,-4.958441,-0.000961,1.580662,5.690385,-0.573513,0.563908,2,trail,1
24.338881,0.444827,-4.935558,-0.000660,1.555059,5.598214,-0.558657,0.533143,2,trail,1
24.372190,0.400133,-4.907627,-0.000726,1.553916,5.594098,-0.600890,0.493977,2,trail,1
24.405338,0.357691,-4.878662,-0.000478,1.505159,5.418574,-0.567460,0.505359,2,trail,1
24.437506,0.316841,-4.848475,-0.000539,1.508915,5.432093,-0.609656,0.460924,2,trail,1
24.470671,0.279440,-4.819066,-0.000496,1.483067,5.339042,-0.583207,0.488041,2,trail,1
24.504251,0.242104,-4.787247,-0.000376,1.445973,5.205503,-0.526904,0.519755,2,trail,1
24.536784,0.203720,-4.751985,-0.000338,1.434428,5.163942,-0.517545,0.538699,2,trail,1
24.569526,0.174460,-4.723121,-0.000330,1.428351,5.142062,-0.532341,0.536653,2,trail,1
24.602844,0.140918,-4.688137,-0.000542,1.435210,5.166755,-0.521801,0.581983,2,trail,1
24.636000,0.110782,-4.653936,-0.000443,1.418650,5.107141,-0.524615,0.615629,2,trail,1
24.669101,0.078825,-4.616399,-0.000700,1.420240,5.112864,-0.521259,0.614385,2,trail,1
24.702155,0.049803,-4.579100,-0.000634,1.435612,5.168202,-0.466685,0.650999,2,trail,1
24.735265,0.019506,-4.539145,-0.001026,1.459856,5.255482,-0.479281,0.664332,2,trail,1
24.767773,-0.008402,-4.499496,-0.000968,1.449838,5.219417,-0.534811,0.616189,2,trail,1
24.801242,-0.035212,-4.459317,-0.000980,1.466563,5.279628,-0.509026,0.621895,2,trail,1
24.834391,-0.059883,-4.419890,-0.001095,1.479576,5.326474,-0.521060,0.591393,2,trail,1
24.868175,-0.084684,-4.378446,-0.001060,1.472224,5.300008,-0.512614,0.603360,2,trail,1
24.900760,-0.108114,-4.335931,-0.001040,1.453097,5.231149,-0.494203,0.615751,2,trail,1
24.933521,-0.132168,-4.290209,-0.000972,1.486097,5.349948,-0.501275,0.644103,2,trail,1
24.967221,-0.152797,-4.246150,-0.001024,1.463295,5.267860,-0.527438,0.627583,2,trail,1
24.999595,-0.173414,-4.199309,-0.000974,1.484693,5.344896,-0.523202,0.637927,2,trail,1
25.034276,-0.191356,-4.155058,-0.001001,1.486017,5.349660,-0.490768,0.684059,2,trail,1
25.066526,-0.208350,-4.109714,-0.000884,1.492825,5.374171,-0.498629,0.679938,2,trail,1
25.099973,-0.225622,-4.061546,-0.001301,1.535879,5.529163,-0.480284,0.623234,2,trail,1
25.132739,-0.239443,-4.016125,-0.001093,1.505702,5.420526,-0.475841,0.635209,2,trail,1
25.166098,-0.253297,-3.967414,-0.000998,1.542489,5.552962,-0.441683,0.649903,2,trail,1
25.198889,-0.265757,-3.920383,-0.001138,1.533883,5.521980,-0.412035,0.673506,2,trail,1
25.231783,-0.278636,-3.863634,-0.001078,1.534420,5.523911,-0.412497,0.656854,2,trail,1
25.264536,-0.288707,-3.814814,-0.001104,1.571422,5.657119,-0.435198,0.664220,2,trail,1
25.297987,-0.297846,-3.764437,-0.001203,1.560959,5.619453,-0.404279,0.655680,2,trail,1
25.330728,-0.305820,-3.712021,-0.001019,1.543212,5.555565,-0.406045,0.718806,2,trail,1
25.364286,-0.312807,-3.661794,-0.001047,1.581612,5.693805,-0.402173,0.723497,2,trail,1
25.396779,-0.318560,-3.609055,-0.001241,1.610481,5.797730,-0.477355,0.761698,2,trail,1
25.430062,-0.323001,-3.558984,-0.001241,1.633856,5.881882,-0.473383,0.749742,2,trail,1
25.463061,-0.326674,-3.500467,-0.001466,1.669679,6.010844,-0.512644,0.738237,2,trail,1
25.495819,-0.328703,-3.447761,-0.001472,1.650901,5.943243,-0.546646,0.717559,2,trail,1
25.529066,-0.329577,-3.393855,-0.001297,1.682597,6.057348,-0.526265,0.683578,2,trail,1
25.561860,-0.329105,-3.340981,-0.001307,1.683939,6.062180,-0.481639,0.709914,2,trail,1
25.595181,-0.327060,-3.278398,-0.001385,1.710593,6.158136,-0.496079,0.666512,2,trail,1
25.627701,-0.323930,-3.220683,-0.001292,1.745927,6.285339,-0.511739,0.709784,2,trail,1
25.660890,-0.318890,-3.164961,-0.001389,1.739349,6.261656,-0.494372,0.741474,2,trail,1
25.693522,-0.312779,-3.112526,-0.001208,1.709627,6.154656,-0.455807,0.728768,2,trail,1
25.726638,-0.305182,-3.058283,-0.001147,1.786889,6.432801,-0.470254,0.731819,2,trail,1
25.759435,-0.295260,-3.000881,-0.001416,1.755332,6.319195,-0.479326,0.732654,2,trail,1
25.793231,-0.283956,-2.942629,-0.001167,1.745758,6.284729,-0.381589,0.686830,2,trail,1
25.826347,-0.271694,-2.887295,-0.001238,1.803432,6.492354,-0.371058,0.698147,2,trail,1
25.858906,-0.254836,-2.822723,-0.001167,1.780097,6.408348,-0.352409,0.701211,2,trail,1
25.892019,-0.239937,-2.769166,-0.001220,1.826373,6.574943,-0.332832,0.705447,2,trail,1
25.925301,-0.222987,-2.710921,-0.001327,1.819420,6.549910,-0.323770,0.662443,2,trail,1
25.958095,-0.203999,-2.653345,-0.001081,1.803329,6.491983,-0.271221,0.673769,2,trail,1
25.990574,-0.185637,-2.599232,-0.001107,1.819268,6.549367,-0.205493,0.646827,2,trail,1
26.025321,-0.162277,-2.535003,-0.001054,1.804887,6.497594,-0.223377,0.625284,2,trail,1
